Total,Max,,,,Var
,1024,2048,4096,8192,1024,2048,4096,8192
PushFront,47000.9,97867.8,180227,402678,139806,265755,528412,1.12398e+06
PushBack,45706.6,92409.1,188417,370402,130250,321069,530674,1.06946e+06
PopFront,24101.5,41976.5,84340.6,243101,99598.3,209732,393547,950057
PopBack,21526,43141.1,90816.2,189894,102211,204771,425939,933967
Forward,55511.2,114714,253432,526117,202224,420958,911010,1.82401e+06
Reverse,62888.4,111792,253604,464126,213772,427070,902286,1.72618e+06

Mean,Max,,,,Var
,1024,2048,4096,8192,1024,2048,4096,8192
PushFront,45.8993,47.787,44.0007,49.155,136.529,129.763,129.007,137.204
PushBack,44.6354,45.1216,46.0002,45.2151,127.197,156.772,129.559,130.55
PopFront,23.5367,20.4963,20.591,29.6754,97.2639,102.408,96.0808,115.974
PopBack,21.0215,21.065,22.1719,23.1804,99.8152,99.9858,103.989,114.01
Forward,54.2102,56.0127,61.873,64.2233,197.485,205.546,222.415,222.658
Reverse,61.4145,54.5857,61.915,56.656,208.761,208.53,220.285,210.716

StdDev,Max,,,,Var
,1024,2048,4096,8192,1024,2048,4096,8192
PushFront,12.8512,14.9786,68.0989,58.6525,143.852,81.7828,156.734,196.778
PushBack,11.0604,11.6448,69.2309,11.7789,15.9127,481.576,74.7814,46.3174
PopFront,20.655,20.8724,20.8313,342.353,20.0009,23.4096,63.3856,216.634
PopBack,20.84,20.8323,20.8139,38.9077,20.5574,21.19,68.9384,150.684
Forward,19.1252,19.9367,21.055,107.889,25.364,99.6769,75.7457,226.674
Reverse,21.0526,19.3101,20.952,50.4095,21.4564,21.5662,139.84,66.6634
